{
  "accuracy": [
    0.05776515230536461,
    0.30454546213150024,
    0.5316287875175476,
    0.6573863625526428,
    0.7458333373069763,
    0.7897727489471436,
    0.8227272629737854,
    0.862500011920929,
    0.8797348737716675,
    0.8998106122016907,
    0.9198863506317139,
    0.9253787994384766,
    0.9367424249649048,
    0.9503787755966187,
    0.9551136493682861,
    0.9638257622718811,
    0.9660984873771667,
    0.9664772748947144,
    0.9704545736312866,
    0.9765151739120483,
    0.9763257503509521,
    0.9799242615699768,
    0.9818181991577148,
    0.9827651381492615,
    0.9840909242630005,
    0.9869318008422852,
    0.9869318008422852,
    0.9931818246841431,
    0.9975378513336182,
    0.9977272748947144,
    0.9977272748947144,
    0.9977272748947144,
    0.9973484873771667,
    0.9984848499298096,
    0.9979166388511658,
    0.9979166388511658,
    0.9994317889213562,
    0.9992424249649048,
    0.9994317889213562,
    0.9994317889213562,
    0.9994317889213562,
    0.9996212124824524,
    0.9984848499298096,
    0.9998105764389038,
    0.9992424249649048,
    0.9998105764389038,
    0.9994317889213562,
    0.9996212124824524
  ],
  "loss": [
    4.963876247406006,
    3.3841614723205566,
    2.5710346698760986,
    2.190612316131592,
    1.930266261100769,
    1.787732481956482,
    1.6931877136230469,
    1.5909162759780884,
    1.5323413610458374,
    1.4751757383346558,
    1.413285732269287,
    1.3780871629714966,
    1.3464605808258057,
    1.3086841106414795,
    1.2955929040908813,
    1.2665473222732544,
    1.2527657747268677,
    1.240803599357605,
    1.2275874614715576,
    1.2080981731414795,
    1.197130560874939,
    1.1852960586547852,
    1.1733050346374512,
    1.1673988103866577,
    1.1568999290466309,
    1.1449785232543945,
    1.1378079652786255,
    1.0962550640106201,
    1.0739161968231201,
    1.0656464099884033,
    1.066877841949463,
    1.0610246658325195,
    1.0589756965637207,
    1.0545850992202759,
    1.0577330589294434,
    1.0529639720916748,
    1.0408616065979004,
    1.0347899198532104,
    1.0267889499664307,
    1.0297664403915405,
    1.0284208059310913,
    1.0236862897872925,
    1.0224549770355225,
    1.0233891010284424,
    1.0201809406280518,
    1.021575689315796,
    1.0229676961898804,
    1.0181361436843872
  ],
  "top5_accuracy": [
    0.17026515305042267,
    0.6276515126228333,
    0.8399621248245239,
    0.9142045378684998,
    0.9513257741928101,
    0.9670454263687134,
    0.9765151739120483,
    0.9861742258071899,
    0.9895833134651184,
    0.989962100982666,
    0.9948863387107849,
    0.9950757622718811,
    0.9962121248245239,
    0.9979166388511658,
    0.9992424249649048,
    0.9982954263687134,
    0.9990530014038086,
    0.9984848499298096,
    0.9990530014038086,
    0.9996212124824524,
    0.9998105764389038,
    1.0,
    0.9998105764389038,
    0.9998105764389038,
    1.0,
    1.0,
    1.0,
    1.0,
    1.0,
    1.0,
    1.0,
    1.0,
    1.0,
    1.0,
    0.9998105764389038,
    1.0,
    1.0,
    1.0,
    1.0,
    1.0,
    1.0,
    1.0,
    1.0,
    1.0,
    1.0,
    1.0,
    1.0,
    1.0
  ],
  "val_accuracy": [
    0.04439252242445946,
    0.329439252614975,
    0.5233644843101501,
    0.6121495366096497,
    0.663551390171051,
    0.6705607771873474,
    0.7172897458076477,
    0.75,
    0.7803738117218018,
    0.7686915993690491,
    0.8247663378715515,
    0.8060747385025024,
    0.827102780342102,
    0.836448609828949,
    0.827102780342102,
    0.84112149477005,
    0.8574766516685486,
    0.836448609828949,
    0.8714953064918518,
    0.8691588640213013,
    0.8434579372406006,
    0.8668224215507507,
    0.84112149477005,
    0.8294392228126526,
    0.8598130941390991,
    0.8387850522994995,
    0.8528037667274475,
    0.8738317489624023,
    0.8925233483314514,
    0.8831775784492493,
    0.9018691778182983,
    0.894859790802002,
    0.8855140209197998,
    0.8808411359786987,
    0.8901869058609009,
    0.8925233483314514,
    0.9042056202888489,
    0.90887850522995,
    0.8925233483314514,
    0.9018691778182983,
    0.8901869058609009,
    0.8925233483314514,
    0.9018691778182983,
    0.8995327353477478,
    0.8995327353477478,
    0.9018691778182983,
    0.8925233483314514,
    0.8995327353477478
  ],
  "val_loss": [
    4.8743672370910645,
    3.218492269515991,
    2.5435354709625244,
    2.2882585525512695,
    2.153844118118286,
    2.0830330848693848,
    1.9740997552871704,
    1.8876824378967285,
    1.8443503379821777,
    1.783550500869751,
    1.6883654594421387,
    1.691867470741272,
    1.6936568021774292,
    1.6386545896530151,
    1.6577993631362915,
    1.635143756866455,
    1.60308837890625,
    1.6110893487930298,
    1.55329167842865,
    1.5634961128234863,
    1.551116704940796,
    1.5092743635177612,
    1.553208589553833,
    1.5798782110214233,
    1.517025351524353,
    1.5402655601501465,
    1.5110474824905396,
    1.4473695755004883,
    1.4155387878417969,
    1.4241443872451782,
    1.381094217300415,
    1.3994780778884888,
    1.418121576309204,
    1.425790786743164,
    1.4094599485397339,
    1.3999028205871582,
    1.3726125955581665,
    1.3761093616485596,
    1.3809551000595093,
    1.3686683177947998,
    1.3850761651992798,
    1.3648076057434082,
    1.355204463005066,
    1.3588489294052124,
    1.3624178171157837,
    1.3602206707000732,
    1.3880658149719238,
    1.3662288188934326
  ],
  "val_top5_accuracy": [
    0.17056074738502502,
    0.6939252614974976,
    0.8434579372406006,
    0.8878504633903503,
    0.9065420627593994,
    0.90887850522995,
    0.9299065470695496,
    0.9415887594223022,
    0.9369158744812012,
    0.9532710313796997,
    0.9485981464385986,
    0.9556074738502502,
    0.9626168012619019,
    0.9649532437324524,
    0.9579439163208008,
    0.9556074738502502,
    0.9579439163208008,
    0.9672897458076477,
    0.9626168012619019,
    0.9649532437324524,
    0.9672897458076477,
    0.9742990732192993,
    0.9719626307487488,
    0.9672897458076477,
    0.9696261882781982,
    0.9672897458076477,
    0.9649532437324524,
    0.9672897458076477,
    0.9742990732192993,
    0.9649532437324524,
    0.9742990732192993,
    0.9766355156898499,
    0.9672897458076477,
    0.9672897458076477,
    0.9742990732192993,
    0.9742990732192993,
    0.9719626307487488,
    0.9719626307487488,
    0.9696261882781982,
    0.9719626307487488,
    0.9742990732192993,
    0.9813084006309509,
    0.9742990732192993,
    0.9719626307487488,
    0.9696261882781982,
    0.9742990732192993,
    0.9672897458076477,
    0.9742990732192993
  ],
  "learning_rate": [
    0.0010000000474974513,
    0.0010000000474974513,
    0.0010000000474974513,
    0.0010000000474974513,
    0.0010000000474974513,
    0.0010000000474974513,
    0.0010000000474974513,
    0.0010000000474974513,
    0.0010000000474974513,
    0.0010000000474974513,
    0.0010000000474974513,
    0.0010000000474974513,
    0.0010000000474974513,
    0.0010000000474974513,
    0.0010000000474974513,
    0.0010000000474974513,
    0.0010000000474974513,
    0.0010000000474974513,
    0.0010000000474974513,
    0.0010000000474974513,
    0.0010000000474974513,
    0.0010000000474974513,
    0.0010000000474974513,
    0.0010000000474974513,
    0.0010000000474974513,
    0.0010000000474974513,
    0.0010000000474974513,
    0.0005000000237487257,
    0.0005000000237487257,
    0.0005000000237487257,
    0.0005000000237487257,
    0.0005000000237487257,
    0.0005000000237487257,
    0.0005000000237487257,
    0.0005000000237487257,
    0.0005000000237487257,
    0.0002500000118743628,
    0.0002500000118743628,
    0.0002500000118743628,
    0.0002500000118743628,
    0.0002500000118743628,
    0.0002500000118743628,
    0.0002500000118743628,
    0.0002500000118743628,
    0.0002500000118743628,
    0.0002500000118743628,
    0.0002500000118743628,
    0.0002500000118743628
  ]
}